filename,model_id,minimizedAffinity,CNNscore,CNNaffinity
1b6k_mycolactone_rotamer_1_docked.pdb,0,-9.04927063,0.640496969,7.97189474
1b6k_mycolactone_rotamer_1_docked.pdb,1,-8.43603134,0.58298254,7.93772459
1b6k_mycolactone_rotamer_1_docked.pdb,2,-8.90872478,0.581566751,8.20889282
1b6k_mycolactone_rotamer_1_docked.pdb,3,-7.81717777,0.566155434,8.0868721
1b6k_mycolactone_rotamer_1_docked.pdb,4,-9.36659336,0.562019825,8.09263611
1b6k_mycolactone_rotamer_2_docked.pdb,0,-8.49427891,0.688104808,8.28063488
1b6k_mycolactone_rotamer_2_docked.pdb,1,-8.18828487,0.671513438,7.79376364
1b6k_mycolactone_rotamer_2_docked.pdb,2,-9.28603077,0.647491038,8.06595516
1b6k_mycolactone_rotamer_2_docked.pdb,3,-8.17490005,0.631592691,7.84250259
1b6k_mycolactone_rotamer_2_docked.pdb,4,-8.38153744,0.59523356,8.381217
1b6k_mycolactone_rotamer_3_docked.pdb,0,-8.83090782,0.465458214,8.14385509
1b6k_mycolactone_rotamer_3_docked.pdb,1,-7.82024384,0.330816746,6.51784277
1b6k_mycolactone_rotamer_3_docked.pdb,2,-9.45082378,0.327709496,8.01682568
1b6k_mycolactone_rotamer_3_docked.pdb,3,-7.83682775,0.327134371,7.04307508
1b6k_mycolactone_rotamer_3_docked.pdb,4,-9.42368889,0.29332757,7.44041395
1b6k_mycolactone_rotamer_4_docked.pdb,0,-9.2787199,0.472584188,8.21280956
1b6k_mycolactone_rotamer_4_docked.pdb,1,-7.79700851,0.371458381,7.36344385
1b6k_mycolactone_rotamer_4_docked.pdb,2,-8.1720295,0.313859105,7.21353531
1b6k_mycolactone_rotamer_4_docked.pdb,3,-8.13416958,0.310165256,7.85740519
1b6k_mycolactone_rotamer_4_docked.pdb,4,-7.91713285,0.30988574,7.06491423
1b6k_mycolactone_rotamer_5_docked.pdb,0,-9.3617878,0.486850291,8.01709747
1b6k_mycolactone_rotamer_5_docked.pdb,1,-10.1626692,0.451225162,8.18669033
1b6k_mycolactone_rotamer_5_docked.pdb,2,-9.37998486,0.43403402,7.83733225
1b6k_mycolactone_rotamer_5_docked.pdb,3,-9.59309959,0.403928041,8.30967808
1b6k_mycolactone_rotamer_5_docked.pdb,4,-9.01748371,0.398961276,7.14802027
1fap_mycolactone_rotamer_1_docked.pdb,0,-10.2757769,0.589285553,7.40062189
1fap_mycolactone_rotamer_1_docked.pdb,1,-9.2453804,0.543347001,7.23235178
1fap_mycolactone_rotamer_1_docked.pdb,2,-9.74575138,0.537351966,7.36031199
1fap_mycolactone_rotamer_1_docked.pdb,3,-10.4019127,0.452037275,7.52283239
1fap_mycolactone_rotamer_1_docked.pdb,4,-10.2427349,0.413394094,7.38200521
1fap_mycolactone_rotamer_2_docked.pdb,0,-9.8109026,0.646943927,7.66888618
1fap_mycolactone_rotamer_2_docked.pdb,1,-9.56220055,0.621576905,7.51186514
1fap_mycolactone_rotamer_2_docked.pdb,2,-8.81012154,0.61351496,7.24478388
1fap_mycolactone_rotamer_2_docked.pdb,3,-9.37286377,0.608986497,7.34931946
1fap_mycolactone_rotamer_2_docked.pdb,4,-9.20085621,0.557217479,7.52016449
1fap_mycolactone_rotamer_3_docked.pdb,0,-10.4684076,0.565129161,7.68987274
1fap_mycolactone_rotamer_3_docked.pdb,1,-10.8662996,0.538420737,7.81663895
1fap_mycolactone_rotamer_3_docked.pdb,2,-10.0197277,0.534396708,7.27664995
1fap_mycolactone_rotamer_3_docked.pdb,3,-8.60083961,0.484074771,6.52066422
1fap_mycolactone_rotamer_3_docked.pdb,4,-10.9655542,0.473770976,7.8992362
1fap_mycolactone_rotamer_4_docked.pdb,0,-9.5619297,0.654731095,7.88774157
1fap_mycolactone_rotamer_4_docked.pdb,1,-10.277071,0.603358269,7.58551168
1fap_mycolactone_rotamer_4_docked.pdb,2,-9.96197033,0.541628182,7.82591486
1fap_mycolactone_rotamer_4_docked.pdb,3,-10.0030327,0.515541911,7.50033379
1fap_mycolactone_rotamer_4_docked.pdb,4,-9.44051266,0.475959301,7.36953974
1fap_mycolactone_rotamer_5_docked.pdb,0,-8.88780022,0.779793441,7.14840555
1fap_mycolactone_rotamer_5_docked.pdb,1,-8.80907917,0.686050057,7.00758028
1fap_mycolactone_rotamer_5_docked.pdb,2,-9.09685802,0.597146928,6.97251892
1fap_mycolactone_rotamer_5_docked.pdb,3,-9.9731245,0.567212105,7.26209211
1fap_mycolactone_rotamer_5_docked.pdb,4,-8.5136795,0.386609137,6.73644257
1yt9_mycolactone_rotamer_1_docked.pdb,0,-8.80366039,0.633995175,8.09196186
1yt9_mycolactone_rotamer_1_docked.pdb,1,-8.58817768,0.597087622,8.10302067
1yt9_mycolactone_rotamer_1_docked.pdb,2,-8.29841137,0.5047611,7.9917922
1yt9_mycolactone_rotamer_1_docked.pdb,3,-7.84295988,0.501626074,7.99649286
1yt9_mycolactone_rotamer_1_docked.pdb,4,-8.42433262,0.499767274,7.99362516
1yt9_mycolactone_rotamer_2_docked.pdb,0,-8.39041615,0.60047245,8.05765057
1yt9_mycolactone_rotamer_2_docked.pdb,1,-8.08412552,0.548078001,7.88312674
1yt9_mycolactone_rotamer_2_docked.pdb,2,-9.5556736,0.538419127,7.93135834
1yt9_mycolactone_rotamer_2_docked.pdb,3,-8.29407883,0.526107907,7.94650507
1yt9_mycolactone_rotamer_2_docked.pdb,4,-8.30269814,0.509250522,7.94645309
1yt9_mycolactone_rotamer_3_docked.pdb,0,-8.31386662,0.572324753,7.8037529
1yt9_mycolactone_rotamer_3_docked.pdb,1,-9.28049755,0.542847276,8.5059166
1yt9_mycolactone_rotamer_3_docked.pdb,2,-8.68558598,0.524017453,8.60529613
1yt9_mycolactone_rotamer_3_docked.pdb,3,-8.46633434,0.501291454,8.18154812
1yt9_mycolactone_rotamer_3_docked.pdb,4,-7.9123168,0.433989376,8.0116148
1yt9_mycolactone_rotamer_4_docked.pdb,0,-8.8254528,0.504474759,7.84992027
1yt9_mycolactone_rotamer_4_docked.pdb,1,-9.75753117,0.448826671,7.92453241
1yt9_mycolactone_rotamer_4_docked.pdb,2,-8.01848125,0.367013663,7.53244925
1yt9_mycolactone_rotamer_4_docked.pdb,3,-8.31954098,0.362524807,7.25313997
1yt9_mycolactone_rotamer_4_docked.pdb,4,-8.42180824,0.361364871,7.49321127
1yt9_mycolactone_rotamer_5_docked.pdb,0,-8.73592472,0.478039145,7.42995501
1yt9_mycolactone_rotamer_5_docked.pdb,1,-9.11295319,0.463315338,7.95480204
1yt9_mycolactone_rotamer_5_docked.pdb,2,-8.09051418,0.443873227,7.78009796
1yt9_mycolactone_rotamer_5_docked.pdb,3,-9.69789314,0.436424732,7.92923975
1yt9_mycolactone_rotamer_5_docked.pdb,4,-9.40605831,0.365216553,7.81827879
2fdd_mycolactone_rotamer_1_docked.pdb,0,-8.56093502,0.744515061,8.0792551
2fdd_mycolactone_rotamer_1_docked.pdb,1,-7.69471931,0.640143633,8.09142971
2fdd_mycolactone_rotamer_1_docked.pdb,2,-8.61400032,0.45666641,7.56451464
2fdd_mycolactone_rotamer_1_docked.pdb,3,-8.88944912,0.452772975,7.78133726
2fdd_mycolactone_rotamer_1_docked.pdb,4,-7.6175828,0.450788677,7.0378232
2fdd_mycolactone_rotamer_2_docked.pdb,0,-8.74800014,0.411819577,8.09302902
2fdd_mycolactone_rotamer_2_docked.pdb,1,-8.20060349,0.407545149,7.12905312
2fdd_mycolactone_rotamer_2_docked.pdb,2,-8.50382328,0.387059331,7.97306871
2fdd_mycolactone_rotamer_2_docked.pdb,3,-8.33050632,0.371078938,8.00116062
2fdd_mycolactone_rotamer_2_docked.pdb,4,-8.92615604,0.357094169,7.74863005
2fdd_mycolactone_rotamer_3_docked.pdb,0,-9.46998787,0.702537596,8.42387486
2fdd_mycolactone_rotamer_3_docked.pdb,1,-9.02048016,0.464808613,7.84436941
2fdd_mycolactone_rotamer_3_docked.pdb,2,-8.07003593,0.46403569,7.38009977
2fdd_mycolactone_rotamer_3_docked.pdb,3,-9.60317612,0.453350663,7.80921316
2fdd_mycolactone_rotamer_3_docked.pdb,4,-8.81168365,0.406527996,7.52468729
2fdd_mycolactone_rotamer_4_docked.pdb,0,-7.9382782,0.582253575,8.30088615
2fdd_mycolactone_rotamer_4_docked.pdb,1,-8.59174919,0.527869105,8.00035858
2fdd_mycolactone_rotamer_4_docked.pdb,2,-7.86639214,0.52751416,8.10360718
2fdd_mycolactone_rotamer_4_docked.pdb,3,-7.75095367,0.525500059,8.09941196
2fdd_mycolactone_rotamer_4_docked.pdb,4,-8.751091,0.489957303,7.53500414
2fdd_mycolactone_rotamer_5_docked.pdb,0,-8.99693394,0.628118515,8.36536026
2fdd_mycolactone_rotamer_5_docked.pdb,1,-9.69993114,0.625209868,7.95991135
2fdd_mycolactone_rotamer_5_docked.pdb,2,-8.47896385,0.524759114,8.04703903
2fdd_mycolactone_rotamer_5_docked.pdb,3,-8.90679741,0.519368768,7.98828363
2fdd_mycolactone_rotamer_5_docked.pdb,4,-9.61585522,0.477155179,8.00376987
2fde_mycolactone_rotamer_1_docked.pdb,0,-8.33596802,0.646008432,8.01450253
2fde_mycolactone_rotamer_1_docked.pdb,1,-9.22979164,0.598546505,8.38064861
2fde_mycolactone_rotamer_1_docked.pdb,2,-8.39060974,0.594624639,8.14004517
2fde_mycolactone_rotamer_1_docked.pdb,3,-8.32568932,0.565434575,7.43566656
2fde_mycolactone_rotamer_1_docked.pdb,4,-8.56343651,0.554993987,7.36183786
2fde_mycolactone_rotamer_2_docked.pdb,0,-9.35484695,0.692933559,8.47795963
2fde_mycolactone_rotamer_2_docked.pdb,1,-8.83221817,0.648585081,8.23698711
2fde_mycolactone_rotamer_2_docked.pdb,2,-8.69416904,0.642931163,8.08266449
2fde_mycolactone_rotamer_2_docked.pdb,3,-9.30265808,0.639072597,8.56655884
2fde_mycolactone_rotamer_2_docked.pdb,4,-8.187253,0.606270432,8.27254963
2fde_mycolactone_rotamer_3_docked.pdb,0,-9.05725861,0.703424692,8.67286873
2fde_mycolactone_rotamer_3_docked.pdb,1,-8.99941349,0.646199524,8.49619389
2fde_mycolactone_rotamer_3_docked.pdb,2,-10.1268759,0.55810523,8.41144466
2fde_mycolactone_rotamer_3_docked.pdb,3,-9.41446686,0.514018416,8.35650158
2fde_mycolactone_rotamer_3_docked.pdb,4,-9.55288029,0.471805871,8.30869293
2fde_mycolactone_rotamer_4_docked.pdb,0,-9.89132214,0.620644808,8.51292706
2fde_mycolactone_rotamer_4_docked.pdb,1,-9.95725918,0.506790519,8.20341969
2fde_mycolactone_rotamer_4_docked.pdb,2,-8.7166338,0.502707362,7.46786928
2fde_mycolactone_rotamer_4_docked.pdb,3,-8.29347324,0.494932413,8.3263092
2fde_mycolactone_rotamer_4_docked.pdb,4,-9.22121429,0.420737892,7.58015299
2fde_mycolactone_rotamer_5_docked.pdb,0,-9.26196575,0.673074841,9.13852978
2fde_mycolactone_rotamer_5_docked.pdb,1,-9.41014099,0.644432604,9.3447504
2fde_mycolactone_rotamer_5_docked.pdb,2,-10.046442,0.546773791,8.38709927
2fde_mycolactone_rotamer_5_docked.pdb,3,-8.2127161,0.515521407,7.8163147
2fde_mycolactone_rotamer_5_docked.pdb,4,-9.00554657,0.514006853,8.18467617
2i4d_mycolactone_rotamer_1_docked.pdb,0,-8.65249252,0.689632356,8.06803799
2i4d_mycolactone_rotamer_1_docked.pdb,1,-8.83693981,0.652139723,7.9031105
2i4d_mycolactone_rotamer_1_docked.pdb,2,-8.27927685,0.587703407,8.08071518
2i4d_mycolactone_rotamer_1_docked.pdb,3,-9.39437008,0.580454588,8.10729122
2i4d_mycolactone_rotamer_1_docked.pdb,4,-8.71047878,0.557512045,8.05956173
2i4d_mycolactone_rotamer_2_docked.pdb,0,-8.83125591,0.769801259,8.68901253
2i4d_mycolactone_rotamer_2_docked.pdb,1,-9.41185379,0.754354239,8.87263489
2i4d_mycolactone_rotamer_2_docked.pdb,2,-9.03891182,0.694369078,8.00267792
2i4d_mycolactone_rotamer_2_docked.pdb,3,-8.83877373,0.609720707,8.11021042
2i4d_mycolactone_rotamer_2_docked.pdb,4,-9.16919518,0.580199897,8.11199665
2i4d_mycolactone_rotamer_3_docked.pdb,0,-7.80654192,0.52630049,8.01977158
2i4d_mycolactone_rotamer_3_docked.pdb,1,-7.80192566,0.454902232,7.85521698
2i4d_mycolactone_rotamer_3_docked.pdb,2,-8.67349339,0.436803758,7.41502714
2i4d_mycolactone_rotamer_3_docked.pdb,3,-8.63339806,0.421905756,7.31348085
2i4d_mycolactone_rotamer_3_docked.pdb,4,-8.09161568,0.419031709,7.47736025
2i4d_mycolactone_rotamer_4_docked.pdb,0,-7.93857813,0.559880614,7.99703074
2i4d_mycolactone_rotamer_4_docked.pdb,1,-9.69468212,0.490289152,8.28704071
2i4d_mycolactone_rotamer_4_docked.pdb,2,-7.81967592,0.473437369,7.93695641
2i4d_mycolactone_rotamer_4_docked.pdb,3,-7.85000896,0.467084318,7.74178123
2i4d_mycolactone_rotamer_4_docked.pdb,4,-8.89232826,0.442637324,7.51235437
2i4d_mycolactone_rotamer_5_docked.pdb,0,-8.02719879,0.421927631,7.74310446
2i4d_mycolactone_rotamer_5_docked.pdb,1,-8.36399364,0.39127785,7.58933496
2i4d_mycolactone_rotamer_5_docked.pdb,2,-9.54919338,0.374254555,7.43982458
2i4d_mycolactone_rotamer_5_docked.pdb,3,-8.86296749,0.35850805,8.09348869
2i4d_mycolactone_rotamer_5_docked.pdb,4,-8.64461422,0.347312331,7.53437996
3fap_mycolactone_rotamer_1_docked.pdb,0,-10.8127213,0.429537416,7.48099899
3fap_mycolactone_rotamer_1_docked.pdb,1,-9.43277359,0.416609049,7.51071692
3fap_mycolactone_rotamer_1_docked.pdb,2,-11.1392775,0.407898068,7.73462868
3fap_mycolactone_rotamer_1_docked.pdb,3,-9.2691288,0.38135615,6.82890511
3fap_mycolactone_rotamer_1_docked.pdb,4,-9.73473263,0.364017427,7.55890656
3fap_mycolactone_rotamer_2_docked.pdb,0,-10.3448343,0.459892988,7.49043274
3fap_mycolactone_rotamer_2_docked.pdb,1,-10.2184124,0.456142485,7.1537118
3fap_mycolactone_rotamer_2_docked.pdb,2,-11.1262207,0.449279308,7.68379068
3fap_mycolactone_rotamer_2_docked.pdb,3,-9.92647076,0.424656391,7.65605307
3fap_mycolactone_rotamer_2_docked.pdb,4,-10.4017992,0.408949256,7.83443689
3fap_mycolactone_rotamer_3_docked.pdb,0,-9.35755253,0.498456925,8.14060497
3fap_mycolactone_rotamer_3_docked.pdb,1,-10.988471,0.493009031,7.37756395
3fap_mycolactone_rotamer_3_docked.pdb,2,-10.7470016,0.489485502,7.96613312
3fap_mycolactone_rotamer_3_docked.pdb,3,-9.18068218,0.479347497,7.86638403
3fap_mycolactone_rotamer_3_docked.pdb,4,-9.00539589,0.470851332,7.92258644
3fap_mycolactone_rotamer_4_docked.pdb,0,-9.07377052,0.641352177,7.8876152
3fap_mycolactone_rotamer_4_docked.pdb,1,-9.80406284,0.56570828,7.70419359
3fap_mycolactone_rotamer_4_docked.pdb,2,-10.9299488,0.505849481,7.99383545
3fap_mycolactone_rotamer_4_docked.pdb,3,-9.8549633,0.487538248,7.94629908
3fap_mycolactone_rotamer_4_docked.pdb,4,-10.1241007,0.459185511,7.71271372
3fap_mycolactone_rotamer_5_docked.pdb,0,-11.0885,0.436282814,7.80294943
3fap_mycolactone_rotamer_5_docked.pdb,1,-10.7787275,0.423262268,7.39451599
3fap_mycolactone_rotamer_5_docked.pdb,2,-9.08065796,0.415409625,7.04438543
3fap_mycolactone_rotamer_5_docked.pdb,3,-9.91798115,0.414219916,7.20489502
3fap_mycolactone_rotamer_5_docked.pdb,4,-9.33916283,0.414004862,7.06927443
3o9b_mycolactone_rotamer_1_docked.pdb,0,-8.59747887,0.371801972,7.71625662
3o9b_mycolactone_rotamer_1_docked.pdb,1,-7.34246778,0.300609112,6.64592361
3o9b_mycolactone_rotamer_1_docked.pdb,2,-6.47544861,0.259910047,7.37691927
3o9b_mycolactone_rotamer_1_docked.pdb,3,-7.35780811,0.25040406,5.98502922
3o9b_mycolactone_rotamer_1_docked.pdb,4,-6.39222383,0.249247625,6.51882029
3o9b_mycolactone_rotamer_2_docked.pdb,0,-10.1319656,0.644154668,8.22863865
3o9b_mycolactone_rotamer_2_docked.pdb,1,-8.88815784,0.577525377,8.24333668
3o9b_mycolactone_rotamer_2_docked.pdb,2,-7.13678265,0.55846566,6.97522783
3o9b_mycolactone_rotamer_2_docked.pdb,3,-7.65550661,0.485669762,7.06795502
3o9b_mycolactone_rotamer_2_docked.pdb,4,-8.1843605,0.385841817,7.69073725
3o9b_mycolactone_rotamer_3_docked.pdb,0,-7.51578522,0.495419562,6.53660393
3o9b_mycolactone_rotamer_3_docked.pdb,1,-9.2313509,0.475553781,7.39437485
3o9b_mycolactone_rotamer_3_docked.pdb,2,-8.1736145,0.383308291,7.42909479
3o9b_mycolactone_rotamer_3_docked.pdb,3,-7.95741844,0.353413194,6.35911798
3o9b_mycolactone_rotamer_3_docked.pdb,4,-7.86752415,0.330811113,6.57546616
3o9b_mycolactone_rotamer_4_docked.pdb,0,-6.40179825,0.395746768,6.25493479
3o9b_mycolactone_rotamer_4_docked.pdb,1,-7.82499599,0.349499315,6.78282404
3o9b_mycolactone_rotamer_4_docked.pdb,2,-7.14275026,0.342355847,6.35634661
3o9b_mycolactone_rotamer_4_docked.pdb,3,-8.16928387,0.337857306,6.96324968
3o9b_mycolactone_rotamer_4_docked.pdb,4,-8.28553295,0.311393023,6.31156778
3o9b_mycolactone_rotamer_5_docked.pdb,0,-9.12351513,0.704507887,8.41148376
3o9b_mycolactone_rotamer_5_docked.pdb,1,-7.63172913,0.538598776,6.79548788
3o9b_mycolactone_rotamer_5_docked.pdb,2,-7.95761919,0.534419835,7.46846962
3o9b_mycolactone_rotamer_5_docked.pdb,3,-6.34504223,0.491505265,7.1312561
3o9b_mycolactone_rotamer_5_docked.pdb,4,-6.9266715,0.45202738,7.47937536
4drh_mycolactone_rotamer_1_docked.pdb,0,-10.85532,0.612054408,8.28034115
4drh_mycolactone_rotamer_1_docked.pdb,1,-10.489213,0.606990755,8.55266762
4drh_mycolactone_rotamer_1_docked.pdb,2,-11.2014303,0.589816272,8.24120712
4drh_mycolactone_rotamer_1_docked.pdb,3,-10.6493111,0.578480721,7.96022081
4drh_mycolactone_rotamer_1_docked.pdb,4,-10.6733799,0.562013149,7.82021666
4drh_mycolactone_rotamer_2_docked.pdb,0,-10.7506466,0.783538043,7.88265467
4drh_mycolactone_rotamer_2_docked.pdb,1,-9.72211933,0.66705215,7.54111624
4drh_mycolactone_rotamer_2_docked.pdb,2,-8.92373466,0.563747406,7.2505722
4drh_mycolactone_rotamer_2_docked.pdb,3,-10.0890303,0.55928576,7.75204897
4drh_mycolactone_rotamer_2_docked.pdb,4,-9.10590363,0.547700584,7.37127829
4drh_mycolactone_rotamer_3_docked.pdb,0,-10.5990782,0.500496745,8.13484859
4drh_mycolactone_rotamer_3_docked.pdb,1,-9.45307446,0.451675683,7.38562727
4drh_mycolactone_rotamer_3_docked.pdb,2,-10.1885958,0.370982766,7.34301996
4drh_mycolactone_rotamer_3_docked.pdb,3,-9.63941383,0.350201637,7.2709527
4drh_mycolactone_rotamer_3_docked.pdb,4,-9.68909931,0.345625937,7.48475266
4drh_mycolactone_rotamer_4_docked.pdb,0,-10.1378365,0.565308332,7.9393363
4drh_mycolactone_rotamer_4_docked.pdb,1,-8.73993587,0.561629772,7.79079485
4drh_mycolactone_rotamer_4_docked.pdb,2,-8.90236664,0.547857821,7.3987565
4drh_mycolactone_rotamer_4_docked.pdb,3,-10.5146017,0.540183008,7.730793
4drh_mycolactone_rotamer_4_docked.pdb,4,-11.3402843,0.527467251,8.21519279
4drh_mycolactone_rotamer_5_docked.pdb,0,-9.82462502,0.450704247,7.64007187
4drh_mycolactone_rotamer_5_docked.pdb,1,-9.86004257,0.4311167,7.75104094
4drh_mycolactone_rotamer_5_docked.pdb,2,-9.83269691,0.418668896,7.62206125
4drh_mycolactone_rotamer_5_docked.pdb,3,-9.60568905,0.408360034,7.30821228
4drh_mycolactone_rotamer_5_docked.pdb,4,-10.2072353,0.402669728,7.55963659
4dri_mycolactone_rotamer_1_docked.pdb,0,-10.4521637,0.690093517,8.23926258
4dri_mycolactone_rotamer_1_docked.pdb,1,-11.0350218,0.686269641,7.62832785
4dri_mycolactone_rotamer_1_docked.pdb,2,-9.23059559,0.66176492,8.09579659
4dri_mycolactone_rotamer_1_docked.pdb,3,-9.32634544,0.53035289,7.60512877
4dri_mycolactone_rotamer_1_docked.pdb,4,-10.0007076,0.517068565,7.93134642
4dri_mycolactone_rotamer_2_docked.pdb,0,-10.3599911,0.530005574,7.79633474
4dri_mycolactone_rotamer_2_docked.pdb,1,-10.7166214,0.453529775,8.31143475
4dri_mycolactone_rotamer_2_docked.pdb,2,-10.3473492,0.450626463,8.12055111
4dri_mycolactone_rotamer_2_docked.pdb,3,-10.6922445,0.435836285,7.61905432
4dri_mycolactone_rotamer_2_docked.pdb,4,-10.8047323,0.417627782,7.56009293
4dri_mycolactone_rotamer_3_docked.pdb,0,-9.64087391,0.622636676,7.4926796
4dri_mycolactone_rotamer_3_docked.pdb,1,-9.74550056,0.49701044,8.14082718
4dri_mycolactone_rotamer_3_docked.pdb,2,-10.6252136,0.42238456,8.2313652
4dri_mycolactone_rotamer_3_docked.pdb,3,-10.4111147,0.417135835,7.552176
4dri_mycolactone_rotamer_3_docked.pdb,4,-10.8382721,0.394667923,7.47078753
4dri_mycolactone_rotamer_4_docked.pdb,0,-11.513751,0.712479353,8.44332218
4dri_mycolactone_rotamer_4_docked.pdb,1,-9.83690739,0.673443675,8.25680065
4dri_mycolactone_rotamer_4_docked.pdb,2,-10.9101181,0.654494703,8.49878311
4dri_mycolactone_rotamer_4_docked.pdb,3,-9.41152287,0.599514663,7.50045538
4dri_mycolactone_rotamer_4_docked.pdb,4,-10.0382214,0.597132623,8.16448212
4dri_mycolactone_rotamer_5_docked.pdb,0,-10.2899189,0.65638417,7.64129782
4dri_mycolactone_rotamer_5_docked.pdb,1,-10.6351852,0.566224217,7.84620523
4dri_mycolactone_rotamer_5_docked.pdb,2,-9.46188259,0.528294027,7.41109705
4dri_mycolactone_rotamer_5_docked.pdb,3,-9.15732574,0.447271436,7.59840631
4dri_mycolactone_rotamer_5_docked.pdb,4,-9.58778858,0.437542498,7.64080286
4drj_mycolactone_rotamer_1_docked.pdb,0,-10.653162,0.823778749,8.84178162
4drj_mycolactone_rotamer_1_docked.pdb,1,-9.03816414,0.5624367,7.46743393
4drj_mycolactone_rotamer_1_docked.pdb,2,-9.22427368,0.544581711,7.78488159
4drj_mycolactone_rotamer_1_docked.pdb,3,-9.53910542,0.539840579,7.66564178
4drj_mycolactone_rotamer_1_docked.pdb,4,-9.78693676,0.50952816,7.50541544
4drj_mycolactone_rotamer_2_docked.pdb,0,-10.3279295,0.650859416,7.62969971
4drj_mycolactone_rotamer_2_docked.pdb,1,-9.32517815,0.56780231,8.03642941
4drj_mycolactone_rotamer_2_docked.pdb,2,-9.04563332,0.531436741,7.26361895
4drj_mycolactone_rotamer_2_docked.pdb,3,-9.98143005,0.514704227,7.64772797
4drj_mycolactone_rotamer_2_docked.pdb,4,-9.001297,0.475040615,7.11465073
4drj_mycolactone_rotamer_3_docked.pdb,0,-9.63899517,0.575407147,7.48213339
4drj_mycolactone_rotamer_3_docked.pdb,1,-8.99602222,0.531471252,7.62027597
4drj_mycolactone_rotamer_3_docked.pdb,2,-8.79643917,0.460210025,7.54497337
4drj_mycolactone_rotamer_3_docked.pdb,3,-11.0093908,0.445198923,7.38778305
4drj_mycolactone_rotamer_3_docked.pdb,4,-10.5836878,0.43529579,7.90720892
4drj_mycolactone_rotamer_4_docked.pdb,0,-11.168313,0.805382907,8.59576225
4drj_mycolactone_rotamer_4_docked.pdb,1,-9.97418118,0.606064498,8.23002911
4drj_mycolactone_rotamer_4_docked.pdb,2,-8.80491161,0.571602345,7.65201044
4drj_mycolactone_rotamer_4_docked.pdb,3,-9.80410671,0.523474753,7.8151722
4drj_mycolactone_rotamer_4_docked.pdb,4,-10.7957077,0.485818565,8.3651247
4drj_mycolactone_rotamer_5_docked.pdb,0,-10.9708452,0.645956397,8.2802248
4drj_mycolactone_rotamer_5_docked.pdb,1,-10.4201155,0.606634617,7.97397232
4drj_mycolactone_rotamer_5_docked.pdb,2,-8.78018379,0.469109267,7.60421038
4drj_mycolactone_rotamer_5_docked.pdb,3,-10.8134823,0.467481673,7.89579582
4drj_mycolactone_rotamer_5_docked.pdb,4,-10.2505903,0.458112866,7.70037842
4fap_mycolactone_rotamer_1_docked.pdb,0,-9.80932713,0.636497617,7.82346582
4fap_mycolactone_rotamer_1_docked.pdb,1,-10.2401428,0.588385642,7.71940756
4fap_mycolactone_rotamer_1_docked.pdb,2,-10.0167084,0.569089711,7.79761171
4fap_mycolactone_rotamer_1_docked.pdb,3,-10.4125957,0.548531175,7.42280006
4fap_mycolactone_rotamer_1_docked.pdb,4,-8.95963097,0.514165699,7.81732512
4fap_mycolactone_rotamer_2_docked.pdb,0,-10.7374029,0.598525584,7.63825846
4fap_mycolactone_rotamer_2_docked.pdb,1,-9.12011623,0.524704456,7.36865234
4fap_mycolactone_rotamer_2_docked.pdb,2,-9.37324333,0.432679832,7.75589609
4fap_mycolactone_rotamer_2_docked.pdb,3,-10.1705217,0.40394932,7.5336647
4fap_mycolactone_rotamer_2_docked.pdb,4,-9.57225704,0.396349519,7.83639145
4fap_mycolactone_rotamer_3_docked.pdb,0,-9.8995924,0.585752606,7.75061226
4fap_mycolactone_rotamer_3_docked.pdb,1,-9.40765572,0.48240903,7.17714834
4fap_mycolactone_rotamer_3_docked.pdb,2,-9.98270988,0.462808311,7.85639048
4fap_mycolactone_rotamer_3_docked.pdb,3,-9.99248314,0.453734845,7.75981474
4fap_mycolactone_rotamer_3_docked.pdb,4,-10.9220819,0.433572739,7.80057526
4fap_mycolactone_rotamer_4_docked.pdb,0,-11.2267408,0.784381568,8.13962078
4fap_mycolactone_rotamer_4_docked.pdb,1,-9.06722832,0.744748175,8.13864422
4fap_mycolactone_rotamer_4_docked.pdb,2,-10.8937826,0.701192021,7.91920614
4fap_mycolactone_rotamer_4_docked.pdb,3,-9.32407284,0.683210015,7.98734522
4fap_mycolactone_rotamer_4_docked.pdb,4,-10.1981392,0.66242069,8.09863567
4fap_mycolactone_rotamer_5_docked.pdb,0,-9.04149055,0.543911099,7.13283396
4fap_mycolactone_rotamer_5_docked.pdb,1,-10.804368,0.523970008,7.76746702
4fap_mycolactone_rotamer_5_docked.pdb,2,-10.2207375,0.461860806,7.55994606
4fap_mycolactone_rotamer_5_docked.pdb,3,-10.1178236,0.455067515,7.38250208
4fap_mycolactone_rotamer_5_docked.pdb,4,-10.6406641,0.448114693,7.67498922
5gpg_mycolactone_rotamer_1_docked.pdb,0,-10.1245556,0.640247166,8.01709366
5gpg_mycolactone_rotamer_1_docked.pdb,1,-9.28308392,0.549337268,7.39980173
5gpg_mycolactone_rotamer_1_docked.pdb,2,-9.62307262,0.540979981,8.08719921
5gpg_mycolactone_rotamer_1_docked.pdb,3,-9.2859087,0.528873563,7.62151194
5gpg_mycolactone_rotamer_1_docked.pdb,4,-11.2776165,0.498498857,8.22775269
5gpg_mycolactone_rotamer_2_docked.pdb,0,-10.3175564,0.674663961,8.22037506
5gpg_mycolactone_rotamer_2_docked.pdb,1,-10.4218702,0.49660033,7.78693151
5gpg_mycolactone_rotamer_2_docked.pdb,2,-10.8811693,0.495806873,8.02857971
5gpg_mycolactone_rotamer_2_docked.pdb,3,-9.18157673,0.476856649,7.3881135
5gpg_mycolactone_rotamer_2_docked.pdb,4,-9.2898798,0.432734579,7.63839197
5gpg_mycolactone_rotamer_3_docked.pdb,0,-9.41333485,0.440303236,7.39077377
5gpg_mycolactone_rotamer_3_docked.pdb,1,-9.83237171,0.396331489,7.46759796
5gpg_mycolactone_rotamer_3_docked.pdb,2,-10.7741022,0.392769039,8.2966814
5gpg_mycolactone_rotamer_3_docked.pdb,3,-10.3980532,0.336088091,7.44627762
5gpg_mycolactone_rotamer_3_docked.pdb,4,-8.99854374,0.335664749,7.06418991
5gpg_mycolactone_rotamer_4_docked.pdb,0,-10.6489878,0.598112464,7.89326715
5gpg_mycolactone_rotamer_4_docked.pdb,1,-10.0617943,0.570431709,7.89301682
5gpg_mycolactone_rotamer_4_docked.pdb,2,-9.7456007,0.534789681,7.9485383
5gpg_mycolactone_rotamer_4_docked.pdb,3,-11.1894426,0.435075939,7.97854662
5gpg_mycolactone_rotamer_4_docked.pdb,4,-10.8784485,0.42050609,7.91556549
5gpg_mycolactone_rotamer_5_docked.pdb,0,-10.8185759,0.586480498,8.39737988
5gpg_mycolactone_rotamer_5_docked.pdb,1,-10.8765163,0.544949412,8.08281612
5gpg_mycolactone_rotamer_5_docked.pdb,2,-9.76336002,0.542976737,7.65320063
5gpg_mycolactone_rotamer_5_docked.pdb,3,-10.633956,0.38196978,7.35302114
5gpg_mycolactone_rotamer_5_docked.pdb,4,-9.70092583,0.325430542,7.19816065
6d0d_mycolactone_rotamer_1_docked.pdb,0,-8.71238232,0.60490036,7.87682343
6d0d_mycolactone_rotamer_1_docked.pdb,1,-8.38067722,0.592081904,8.06057358
6d0d_mycolactone_rotamer_1_docked.pdb,2,-8.15248203,0.55000329,7.89515114
6d0d_mycolactone_rotamer_1_docked.pdb,3,-8.26981926,0.547045052,7.84054804
6d0d_mycolactone_rotamer_1_docked.pdb,4,-7.87409973,0.53423363,7.84014463
6d0d_mycolactone_rotamer_2_docked.pdb,0,-8.79816437,0.734820604,8.45821285
6d0d_mycolactone_rotamer_2_docked.pdb,1,-8.39983845,0.718114853,8.19179249
6d0d_mycolactone_rotamer_2_docked.pdb,2,-9.51537228,0.651677072,8.49509144
6d0d_mycolactone_rotamer_2_docked.pdb,3,-9.08843708,0.611935616,7.68178892
6d0d_mycolactone_rotamer_2_docked.pdb,4,-8.19709396,0.586921632,8.05259991
6d0d_mycolactone_rotamer_3_docked.pdb,0,-7.9430995,0.460005909,7.67106485
6d0d_mycolactone_rotamer_3_docked.pdb,1,-7.88794088,0.459241778,7.45940542
6d0d_mycolactone_rotamer_3_docked.pdb,2,-8.7980032,0.39678365,7.30977774
6d0d_mycolactone_rotamer_3_docked.pdb,3,-9.62584305,0.376969546,7.74839401
6d0d_mycolactone_rotamer_3_docked.pdb,4,-8.61903191,0.376549959,7.50087738
6d0d_mycolactone_rotamer_4_docked.pdb,0,-9.70281601,0.619168699,8.48251343
6d0d_mycolactone_rotamer_4_docked.pdb,1,-8.80909824,0.61353457,7.92568445
6d0d_mycolactone_rotamer_4_docked.pdb,2,-8.94787025,0.572555006,7.6000042
6d0d_mycolactone_rotamer_4_docked.pdb,3,-8.79112816,0.526982903,7.32686472
6d0d_mycolactone_rotamer_4_docked.pdb,4,-7.59647417,0.489656508,7.68034315
6d0d_mycolactone_rotamer_5_docked.pdb,0,-7.65691471,0.710956931,7.54780817
6d0d_mycolactone_rotamer_5_docked.pdb,1,-9.10307407,0.607959032,7.97916794
6d0d_mycolactone_rotamer_5_docked.pdb,2,-8.3950367,0.586847663,7.44633102
6d0d_mycolactone_rotamer_5_docked.pdb,3,-7.57791996,0.507447183,7.34287643
6d0d_mycolactone_rotamer_5_docked.pdb,4,-7.91812897,0.470679909,7.7356925
6d0e_mycolactone_rotamer_1_docked.pdb,0,-8.0780468,0.64082557,7.8539443
6d0e_mycolactone_rotamer_1_docked.pdb,1,-9.65464878,0.588433862,7.77968359
6d0e_mycolactone_rotamer_1_docked.pdb,2,-9.29574299,0.554185748,7.8505578
6d0e_mycolactone_rotamer_1_docked.pdb,3,-7.82093239,0.529068172,7.90114927
6d0e_mycolactone_rotamer_1_docked.pdb,4,-8.06341553,0.503456652,7.7788682
6d0e_mycolactone_rotamer_2_docked.pdb,0,-9.28756523,0.73326391,7.98462629
6d0e_mycolactone_rotamer_2_docked.pdb,1,-9.18698215,0.649867892,8.05665493
6d0e_mycolactone_rotamer_2_docked.pdb,2,-7.87716007,0.583797038,8.06859207
6d0e_mycolactone_rotamer_2_docked.pdb,3,-9.13998985,0.565681338,7.83111
6d0e_mycolactone_rotamer_2_docked.pdb,4,-8.27717972,0.556838691,7.7607193
6d0e_mycolactone_rotamer_3_docked.pdb,0,-7.80507755,0.587828517,7.58547401
6d0e_mycolactone_rotamer_3_docked.pdb,1,-7.74635124,0.508418679,7.63781214
6d0e_mycolactone_rotamer_3_docked.pdb,2,-9.7989912,0.470871061,8.1299715
6d0e_mycolactone_rotamer_3_docked.pdb,3,-9.14555264,0.316617668,7.06039762
6d0e_mycolactone_rotamer_3_docked.pdb,4,-7.66933632,0.312126637,7.0531249
6d0e_mycolactone_rotamer_4_docked.pdb,0,-8.1555624,0.565897644,7.91058588
6d0e_mycolactone_rotamer_4_docked.pdb,1,-8.14625835,0.56340766,7.74675512
6d0e_mycolactone_rotamer_4_docked.pdb,2,-7.83758163,0.546649277,7.96633291
6d0e_mycolactone_rotamer_4_docked.pdb,3,-7.9525094,0.546384275,7.87111425
6d0e_mycolactone_rotamer_4_docked.pdb,4,-8.37712383,0.49995029,7.87828493
6d0e_mycolactone_rotamer_5_docked.pdb,0,-8.07931709,0.721164107,7.6777916
6d0e_mycolactone_rotamer_5_docked.pdb,1,-7.86648321,0.485239685,7.39374161
6d0e_mycolactone_rotamer_5_docked.pdb,2,-9.00316906,0.420824409,7.49724722
6d0e_mycolactone_rotamer_5_docked.pdb,3,-8.99709415,0.345827758,8.00975037
6d0e_mycolactone_rotamer_5_docked.pdb,4,-9.90454865,0.332951069,7.55612183
6oxp_mycolactone_rotamer_1_docked.pdb,0,-8.90632439,0.692298412,8.45341873
6oxp_mycolactone_rotamer_1_docked.pdb,1,-9.26166344,0.673410773,8.60383606
6oxp_mycolactone_rotamer_1_docked.pdb,2,-8.16102314,0.494566053,7.94841385
6oxp_mycolactone_rotamer_1_docked.pdb,3,-9.29195023,0.488934219,7.8415699
6oxp_mycolactone_rotamer_1_docked.pdb,4,-8.33928013,0.462546647,7.76188278
6oxp_mycolactone_rotamer_2_docked.pdb,0,-9.38519859,0.593003154,8.51533794
6oxp_mycolactone_rotamer_2_docked.pdb,1,-9.27716923,0.557218969,8.02518082
6oxp_mycolactone_rotamer_2_docked.pdb,2,-8.14001083,0.504439473,7.47615957
6oxp_mycolactone_rotamer_2_docked.pdb,3,-7.81443071,0.384484708,7.30775976
6oxp_mycolactone_rotamer_2_docked.pdb,4,-8.35620785,0.311534435,7.85434198
6oxp_mycolactone_rotamer_3_docked.pdb,0,-8.25109005,0.666528404,7.97403097
6oxp_mycolactone_rotamer_3_docked.pdb,1,-7.90829611,0.453946114,7.51157904
6oxp_mycolactone_rotamer_3_docked.pdb,2,-7.67577219,0.416096836,7.62884665
6oxp_mycolactone_rotamer_3_docked.pdb,3,-8.23057842,0.408477724,7.50251913
6oxp_mycolactone_rotamer_3_docked.pdb,4,-8.11179447,0.397815555,8.28264618
6oxp_mycolactone_rotamer_4_docked.pdb,0,-7.87802267,0.592402697,7.88795853
6oxp_mycolactone_rotamer_4_docked.pdb,1,-9.19806194,0.535441875,8.08339977
6oxp_mycolactone_rotamer_4_docked.pdb,2,-8.94148254,0.412817091,7.53790855
6oxp_mycolactone_rotamer_4_docked.pdb,3,-8.86920547,0.399091452,7.60612488
6oxp_mycolactone_rotamer_4_docked.pdb,4,-8.78972816,0.377896756,7.57215643
6oxp_mycolactone_rotamer_5_docked.pdb,0,-8.76681137,0.540829122,8.02276134
6oxp_mycolactone_rotamer_5_docked.pdb,1,-7.60489178,0.479511827,7.09553385
6oxp_mycolactone_rotamer_5_docked.pdb,2,-8.89212418,0.409051239,8.04907322
6oxp_mycolactone_rotamer_5_docked.pdb,3,-9.76936817,0.400884032,7.75239944
6oxp_mycolactone_rotamer_5_docked.pdb,4,-8.64637661,0.39204663,7.17818022
6uwc_mycolactone_rotamer_1_docked.pdb,0,-8.83767509,0.723796129,8.15614986
6uwc_mycolactone_rotamer_1_docked.pdb,1,-8.54545212,0.705234766,7.83270693
6uwc_mycolactone_rotamer_1_docked.pdb,2,-8.69066238,0.695472062,8.23307705
6uwc_mycolactone_rotamer_1_docked.pdb,3,-8.7112112,0.576372445,7.84075499
6uwc_mycolactone_rotamer_1_docked.pdb,4,-7.71920347,0.570216835,7.80027962
6uwc_mycolactone_rotamer_2_docked.pdb,0,-8.84888363,0.807272255,8.7933569
6uwc_mycolactone_rotamer_2_docked.pdb,1,-7.72656345,0.764121294,8.49463844
6uwc_mycolactone_rotamer_2_docked.pdb,2,-7.6959672,0.702896416,8.19961739
6uwc_mycolactone_rotamer_2_docked.pdb,3,-8.20099354,0.658907771,8.19392109
6uwc_mycolactone_rotamer_2_docked.pdb,4,-9.35456657,0.61365664,8.59162426
6uwc_mycolactone_rotamer_3_docked.pdb,0,-9.16449356,0.416811913,7.46108818
6uwc_mycolactone_rotamer_3_docked.pdb,1,-7.71038151,0.401995242,7.12243891
6uwc_mycolactone_rotamer_3_docked.pdb,2,-9.03553009,0.385330856,8.49976349
6uwc_mycolactone_rotamer_3_docked.pdb,3,-8.60927486,0.378775269,7.7248435
6uwc_mycolactone_rotamer_3_docked.pdb,4,-8.22958946,0.345335335,7.02751303
6uwc_mycolactone_rotamer_4_docked.pdb,0,-8.99329376,0.639263034,8.09775639
6uwc_mycolactone_rotamer_4_docked.pdb,1,-8.99211216,0.4833152,8.12767124
6uwc_mycolactone_rotamer_4_docked.pdb,2,-8.30564785,0.456204444,7.38947535
6uwc_mycolactone_rotamer_4_docked.pdb,3,-7.91310644,0.438748628,7.4303422
6uwc_mycolactone_rotamer_4_docked.pdb,4,-7.58501911,0.417540133,7.72608948
6uwc_mycolactone_rotamer_5_docked.pdb,0,-8.73038673,0.565665245,8.12550354
6uwc_mycolactone_rotamer_5_docked.pdb,1,-9.86946297,0.557441711,8.23924255
6uwc_mycolactone_rotamer_5_docked.pdb,2,-8.40846252,0.501796901,8.20564747
6uwc_mycolactone_rotamer_5_docked.pdb,3,-8.32321548,0.484997809,8.08159924
6uwc_mycolactone_rotamer_5_docked.pdb,4,-8.45502853,0.477816194,7.88503027
6w6s_mycolactone_rotamer_1_docked.pdb,0,-10.435812,0.654154062,7.83613443
6w6s_mycolactone_rotamer_1_docked.pdb,1,-9.36717892,0.524901509,7.67218971
6w6s_mycolactone_rotamer_1_docked.pdb,2,-10.2618141,0.492094934,8.21848106
6w6s_mycolactone_rotamer_1_docked.pdb,3,-9.07476425,0.465112925,7.37349701
6w6s_mycolactone_rotamer_1_docked.pdb,4,-9.87081146,0.445447236,7.67881536
6w6s_mycolactone_rotamer_2_docked.pdb,0,-10.0072193,0.500046432,7.65452051
6w6s_mycolactone_rotamer_2_docked.pdb,1,-8.96094799,0.440051794,7.55810404
6w6s_mycolactone_rotamer_2_docked.pdb,2,-8.66787052,0.437014461,6.95904303
6w6s_mycolactone_rotamer_2_docked.pdb,3,-9.52222538,0.418481201,7.48749399
6w6s_mycolactone_rotamer_2_docked.pdb,4,-9.37110233,0.399053395,7.26144648
6w6s_mycolactone_rotamer_3_docked.pdb,0,-8.61077309,0.49538222,7.18967628
6w6s_mycolactone_rotamer_3_docked.pdb,1,-9.29682446,0.479572505,7.19920874
6w6s_mycolactone_rotamer_3_docked.pdb,2,-9.7439909,0.451446652,7.77607155
6w6s_mycolactone_rotamer_3_docked.pdb,3,-9.28695869,0.440425783,7.10876226
6w6s_mycolactone_rotamer_3_docked.pdb,4,-8.76298332,0.424263209,6.97424889
6w6s_mycolactone_rotamer_4_docked.pdb,0,-10.6194296,0.707587123,7.97253656
6w6s_mycolactone_rotamer_4_docked.pdb,1,-8.60652256,0.594317913,7.81222391
6w6s_mycolactone_rotamer_4_docked.pdb,2,-10.3413048,0.490504205,7.72586966
6w6s_mycolactone_rotamer_4_docked.pdb,3,-9.79625034,0.488902897,7.69898939
6w6s_mycolactone_rotamer_4_docked.pdb,4,-9.27077579,0.406829804,7.51317024
6w6s_mycolactone_rotamer_5_docked.pdb,0,-10.4198475,0.762061894,7.88758326
6w6s_mycolactone_rotamer_5_docked.pdb,1,-9.30775452,0.568676293,7.93722153
6w6s_mycolactone_rotamer_5_docked.pdb,2,-9.55141544,0.511433661,7.07483912
6w6s_mycolactone_rotamer_5_docked.pdb,3,-10.5886154,0.506187379,7.55342245
6w6s_mycolactone_rotamer_5_docked.pdb,4,-10.0132284,0.504226983,7.18686867
6w6t_mycolactone_rotamer_1_docked.pdb,0,-9.00915146,0.571882486,8.10851383
6w6t_mycolactone_rotamer_1_docked.pdb,1,-8.23376751,0.542949021,7.91720438
6w6t_mycolactone_rotamer_1_docked.pdb,2,-8.66898251,0.47422418,7.63583374
6w6t_mycolactone_rotamer_1_docked.pdb,3,-8.24519157,0.467065215,7.81575632
6w6t_mycolactone_rotamer_1_docked.pdb,4,-8.83706093,0.465858728,7.65787125
6w6t_mycolactone_rotamer_2_docked.pdb,0,-8.96403122,0.853425443,8.62130737
6w6t_mycolactone_rotamer_2_docked.pdb,1,-8.98548508,0.689425945,8.42063236
6w6t_mycolactone_rotamer_2_docked.pdb,2,-9.0721817,0.588833332,8.2651453
6w6t_mycolactone_rotamer_2_docked.pdb,3,-9.34149647,0.522651792,7.97381449
6w6t_mycolactone_rotamer_2_docked.pdb,4,-8.13437271,0.509520888,7.85516119
6w6t_mycolactone_rotamer_3_docked.pdb,0,-8.93734932,0.496465921,8.11005783
6w6t_mycolactone_rotamer_3_docked.pdb,1,-8.22475529,0.414845556,7.80801916
6w6t_mycolactone_rotamer_3_docked.pdb,2,-9.2187891,0.380374819,7.84476614
6w6t_mycolactone_rotamer_3_docked.pdb,3,-9.12931824,0.348866761,7.59809256
6w6t_mycolactone_rotamer_3_docked.pdb,4,-9.28478909,0.340370595,7.59127808
6w6t_mycolactone_rotamer_4_docked.pdb,0,-7.28585291,0.544479728,6.92301416
6w6t_mycolactone_rotamer_4_docked.pdb,1,-7.57956171,0.535320699,7.69016504
6w6t_mycolactone_rotamer_4_docked.pdb,2,-8.3039341,0.51105088,7.83174372
6w6t_mycolactone_rotamer_4_docked.pdb,3,-8.88212585,0.493265986,7.8911972
6w6t_mycolactone_rotamer_4_docked.pdb,4,-9.1213026,0.462298959,7.84782791
6w6t_mycolactone_rotamer_5_docked.pdb,0,-7.570261,0.430973887,7.29660559
6w6t_mycolactone_rotamer_5_docked.pdb,1,-7.37109852,0.371241659,6.46559525
6w6t_mycolactone_rotamer_5_docked.pdb,2,-8.89707756,0.359094113,7.48352671
6w6t_mycolactone_rotamer_5_docked.pdb,3,-9.00209522,0.358407736,7.76771402
6w6t_mycolactone_rotamer_5_docked.pdb,4,-7.52189159,0.335319906,7.61626291
